<?xml version="1.0" encoding="UTF-8"?>
<project-private xmlns="http://www.netbeans.org/ns/project-private/1">
    <editor-bookmarks xmlns="http://www.netbeans.org/ns/editor-bookmarks/2" lastBookmarkId="0"/>
    <open-files xmlns="http://www.netbeans.org/ns/projectui-open-files/2">
        <group>
            <file>file:/Users/anukulchandra/NetBeansProjects/JavaApplication1/src/JavaApp/SignUpPage.java</file>
            <file>file:/Users/anukulchandra/NetBeansProjects/JavaApplication1/src/JavaApp/FindYourAccount.java</file>
            <file>file:/Users/anukulchandra/NetBeansProjects/JavaApplication1/src/LogInPage.java</file>
            <file>file:/Users/anukulchandra/NetBeansProjects/JavaApplication1/src/JavaApp/HomePage.java</file>
            <file>file:/Users/anukulchandra/NetBeansProjects/JavaApplication1/src/JavaApp/SetPassword.java</file>
            <file>file:/Users/anukulchandra/NetBeansProjects/JavaApplication1/src/JavaApp/JavaApplication1.java</file>
            <file>file:/Users/anukulchandra/NetBeansProjects/JavaApplication1/src/JavaApp/FirstPage.java</file>
            <file>file:/Users/anukulchandra/NetBeansProjects/JavaApplication1/src/JavaApp/LogInPager.java</file>
        </group>
    </open-files>
</project-private>
